model_name,display_name,family,depth_label,test_loss,macro_corr,macro_snr_db,clean_sum_mse,observed_mixture_mse,parameter_count,inference_time_ms,training_date,training_time_sec,train_samples,val_samples,test_samples,total_samples,epochs,checkpoint_path,report_path
attention_stem_multi_head_multiscale_tcn,Attention-Stem Multi-Head Multiscale TCN,conv1d,shallow,0.4651069976389408,0.4915673365656771,1.5446327967959665,0.26487774024103583,0.05020924568120204,78070.0,11.533619999999889,2026-05-25T13:43:33.784959Z,3.635513,32.0,32.0,32.0,96.0,1.0,decomposers\ML_methods\NN_based\saved_models\_tmp_tcn_repro\attention_stem_multi_head_multiscale_tcn_best.pt,decomposers\ML_methods\NN_based\saved_models\_tmp_tcn_repro\final_test_report.json
attention_stem_bilinear_fusion_multiple_head_multiscale_branches,Attention-Stem Bilinear-Fusion Multi-Head Multiscale Branches,conv1d,shallow,0.08411800394455592,0.8036347638450214,4.828522928934773,0.11656327768109215,0.033594497658872735,29302.0,178.57840000000013,,,,,,,,decomposers\ML_methods\NN_based\saved_models\attention_stem_bilinear_fusion_multiple_head_multiscale_branches\attention_stem_bilinear_fusion_multiple_head_multiscale_branches_best.pt,decomposers\ML_methods\NN_based\saved_models\attention_stem_bilinear_fusion_multiple_head_multiscale_branches\final_test_report.json
attention_stem_bilinear_fusion_multiple_head_multiscale_branches,Attention-Stem Bilinear-Fusion Multi-Head Multiscale Branches,conv1d,shallow,0.31393449306488036,0.6900776728398348,2.9642220985020797,0.15729414417101337,0.01564904348921114,29302.0,8.350439999999981,2026-05-24T15:27:05.182801Z,162.839033,400.0,400.0,400.0,1200.0,20.0,decomposers\ML_methods\NN_based\saved_models\attention_stem_bilinear_fusion_multiple_head_multiscale_branches_data_availability_tf005_s42\attention_stem_bilinear_fusion_multiple_head_multiscale_branches_best.pt,decomposers\ML_methods\NN_based\saved_models\attention_stem_bilinear_fusion_multiple_head_multiscale_branches_data_availability_tf005_s42\final_test_report.json
attention_stem_bilinear_fusion_multiple_head_multiscale_branches,Attention-Stem Bilinear-Fusion Multi-Head Multiscale Branches,conv1d,shallow,0.292749400138855,0.7182749824617158,3.412512051069135,0.13311197135000274,0.02115798208790294,29302.0,13.618039999999974,2026-05-24T15:31:30.189834Z,262.851488,800.0,400.0,400.0,1600.0,20.0,decomposers\ML_methods\NN_based\saved_models\attention_stem_bilinear_fusion_multiple_head_multiscale_branches_data_availability_tf010_s42\attention_stem_bilinear_fusion_multiple_head_multiscale_branches_best.pt,decomposers\ML_methods\NN_based\saved_models\attention_stem_bilinear_fusion_multiple_head_multiscale_branches_data_availability_tf010_s42\final_test_report.json
attention_stem_bilinear_fusion_multiple_head_multiscale_branches,Attention-Stem Bilinear-Fusion Multi-Head Multiscale Branches,conv1d,shallow,0.2587965250015259,0.7701382491892916,4.229549583570884,0.1167720749314239,0.030201510293568535,29302.0,7.945440000000036,2026-05-24T15:39:49.525555Z,494.951999,2000.0,400.0,400.0,2800.0,20.0,decomposers\ML_methods\NN_based\saved_models\attention_stem_bilinear_fusion_multiple_head_multiscale_branches_data_availability_tf025_s42\attention_stem_bilinear_fusion_multiple_head_multiscale_branches_best.pt,decomposers\ML_methods\NN_based\saved_models\attention_stem_bilinear_fusion_multiple_head_multiscale_branches_data_availability_tf025_s42\final_test_report.json
attention_stem_bilinear_fusion_multiple_head_multiscale_branches,Attention-Stem Bilinear-Fusion Multi-Head Multiscale Branches,conv1d,shallow,0.22754033982753755,0.7971486012980452,4.753652151118462,0.11798813299457706,0.03286815753833248,29302.0,7.464459999999829,2026-05-24T15:56:05.966473Z,973.315317,4000.0,400.0,400.0,4800.0,20.0,decomposers\ML_methods\NN_based\saved_models\attention_stem_bilinear_fusion_multiple_head_multiscale_branches_data_availability_tf050_s42\attention_stem_bilinear_fusion_multiple_head_multiscale_branches_best.pt,decomposers\ML_methods\NN_based\saved_models\attention_stem_bilinear_fusion_multiple_head_multiscale_branches_data_availability_tf050_s42\final_test_report.json
attention_stem_bilinear_fusion_multiple_head_multiscale_branches,Attention-Stem Bilinear-Fusion Multi-Head Multiscale Branches,conv1d,shallow,0.23713804304599762,0.7964748871856887,4.861267167664946,0.1151596866908878,0.031265029620211375,29302.0,8.364099999999919,2026-05-24T16:27:52.916304Z,1904.221386,6000.0,400.0,400.0,6800.0,20.0,decomposers\ML_methods\NN_based\saved_models\attention_stem_bilinear_fusion_multiple_head_multiscale_branches_data_availability_tf075_s42\attention_stem_bilinear_fusion_multiple_head_multiscale_branches_best.pt,decomposers\ML_methods\NN_based\saved_models\attention_stem_bilinear_fusion_multiple_head_multiscale_branches_data_availability_tf075_s42\final_test_report.json
attention_stem_bilinear_fusion_multiple_head_multiscale_branches,Attention-Stem Bilinear-Fusion Multi-Head Multiscale Branches,conv1d,shallow,0.21744011223316193,0.7982810587515242,4.876681070769236,0.11462231648968516,0.03731283535869015,29302.0,9.37943999999997,2026-05-24T17:09:16.763211Z,2481.708534,8000.0,400.0,400.0,8800.0,20.0,decomposers\ML_methods\NN_based\saved_models\attention_stem_bilinear_fusion_multiple_head_multiscale_branches_data_availability_tf100_s42\attention_stem_bilinear_fusion_multiple_head_multiscale_branches_best.pt,decomposers\ML_methods\NN_based\saved_models\attention_stem_bilinear_fusion_multiple_head_multiscale_branches_data_availability_tf100_s42\final_test_report.json
attention_stem_multiple_head_multiscale_branches,Attention-Stem Multi-Head Multiscale Branches,conv1d,shallow,0.23360004305839538,0.7749844897565077,4.564074220150415,0.1189565726334384,0.031042934862473955,17638.0,12.806900000000176,2026-04-20T07:49:57.454185Z,436.512663,4000.0,400.0,400.0,4800.0,20.0,decomposers\ML_methods\NN_based\saved_models\attention_stem_multiple_head_multiscale_branches\attention_stem_multiple_head_multiscale_branches_best.pt,decomposers\ML_methods\NN_based\saved_models\attention_stem_multiple_head_multiscale_branches\final_test_report.json
attention_stem_multiple_head_multiscale_branches,Attention-Stem Multi-Head Multiscale Branches,conv1d,shallow,0.31352840185165404,0.6850266564785457,2.9450500581252568,0.14789096815897246,0.018333009229440016,17638.0,6.422499999999954,2026-05-24T17:11:18.320499Z,118.47167,400.0,400.0,400.0,1200.0,20.0,decomposers\ML_methods\NN_based\saved_models\attention_stem_multiple_head_multiscale_branches_data_availability_tf005_s42\attention_stem_multiple_head_multiscale_branches_best.pt,decomposers\ML_methods\NN_based\saved_models\attention_stem_multiple_head_multiscale_branches_data_availability_tf005_s42\final_test_report.json
attention_stem_multiple_head_multiscale_branches,Attention-Stem Multi-Head Multiscale Branches,conv1d,shallow,0.2925909209251404,0.7132209786654979,3.4278762130144638,0.12756815309098957,0.023655983473812096,17638.0,6.491880000000006,2026-05-24T17:14:08.924470Z,167.682418,800.0,400.0,400.0,1600.0,20.0,decomposers\ML_methods\NN_based\saved_models\attention_stem_multiple_head_multiscale_branches_data_availability_tf010_s42\attention_stem_multiple_head_multiscale_branches_best.pt,decomposers\ML_methods\NN_based\saved_models\attention_stem_multiple_head_multiscale_branches_data_availability_tf010_s42\final_test_report.json
attention_stem_multiple_head_multiscale_branches,Attention-Stem Multi-Head Multiscale Branches,conv1d,shallow,0.26213231921195984,0.760144564179432,4.191715089871788,0.11547616080410915,0.03121286227314438,17638.0,6.234919999999899,2026-05-24T17:20:09.710796Z,357.86187,2000.0,400.0,400.0,2800.0,20.0,decomposers\ML_methods\NN_based\saved_models\attention_stem_multiple_head_multiscale_branches_data_availability_tf025_s42\attention_stem_multiple_head_multiscale_branches_best.pt,decomposers\ML_methods\NN_based\saved_models\attention_stem_multiple_head_multiscale_branches_data_availability_tf025_s42\final_test_report.json
attention_stem_multiple_head_multiscale_branches,Attention-Stem Multi-Head Multiscale Branches,conv1d,shallow,0.23360004067420959,0.7749844897565077,4.564074220150415,0.1189565726334384,0.031042934862473955,17638.0,6.747880000000083,2026-05-24T17:31:27.800445Z,675.296063,4000.0,400.0,400.0,4800.0,20.0,decomposers\ML_methods\NN_based\saved_models\attention_stem_multiple_head_multiscale_branches_data_availability_tf050_s42\attention_stem_multiple_head_multiscale_branches_best.pt,decomposers\ML_methods\NN_based\saved_models\attention_stem_multiple_head_multiscale_branches_data_availability_tf050_s42\final_test_report.json
attention_stem_multiple_head_multiscale_branches,Attention-Stem Multi-Head Multiscale Branches,conv1d,shallow,0.24193774700164794,0.7783056142723406,4.610578527418174,0.11957414794250562,0.027070215222619272,17638.0,6.221500000000102,2026-05-24T17:53:03.188440Z,1292.263188,6000.0,400.0,400.0,6800.0,20.0,decomposers\ML_methods\NN_based\saved_models\attention_stem_multiple_head_multiscale_branches_data_availability_tf075_s42\attention_stem_multiple_head_multiscale_branches_best.pt,decomposers\ML_methods\NN_based\saved_models\attention_stem_multiple_head_multiscale_branches_data_availability_tf075_s42\final_test_report.json
attention_stem_multiple_head_multiscale_branches,Attention-Stem Multi-Head Multiscale Branches,conv1d,shallow,0.2250497055053711,0.7733359485727226,4.594212573826844,0.11345271570830763,0.03761834831191254,17638.0,5.772379999999933,2026-05-24T18:23:46.666836Z,1841.048331,8000.0,400.0,400.0,8800.0,20.0,decomposers\ML_methods\NN_based\saved_models\attention_stem_multiple_head_multiscale_branches_data_availability_tf100_s42\attention_stem_multiple_head_multiscale_branches_best.pt,decomposers\ML_methods\NN_based\saved_models\attention_stem_multiple_head_multiscale_branches_data_availability_tf100_s42\final_test_report.json
autoencoderbased,Autoencoder,autoencoder,deep,0.13267046918471653,0.6883137052284867,2.8586543849516315,0.2099027192069532,0.025636738958414375,23651.0,6.609500000000601,2026-04-20T04:37:47.002725Z,478.383541,4512.0,400.0,400.0,5312.0,20.0,decomposers\ML_methods\NN_based\saved_models\autoencoderbased\autoencoderbased_best.pt,decomposers\ML_methods\NN_based\saved_models\autoencoderbased\final_test_report.json
conv1Dnetwork,,,,0.13216941833496093,0.6893140518238308,2.8731123317499736,0.14070644837530846,0.02112498700251003,5443.0,7.591600000000476,2026-04-20T04:37:09.811622Z,441.119436,4512.0,400.0,400.0,5312.0,20.0,decomposers\ML_methods\NN_based\saved_models\conv1Dnetwork\conv1Dnetwork_best.pt,decomposers\ML_methods\NN_based\saved_models\conv1Dnetwork\final_test_report.json
conv1Dnetwork,,,,0.3313485896587372,0.668825206391254,2.4937913311588615,0.1564459304837949,0.013105548125238974,5443.0,1.530520000000113,2026-05-24T20:55:58.213859Z,75.935678,400.0,400.0,400.0,1200.0,20.0,decomposers\ML_methods\NN_based\saved_models\conv1dnetwork_data_availability_tf005_s42\conv1Dnetwork_best.pt,decomposers\ML_methods\NN_based\saved_models\conv1dnetwork_data_availability_tf005_s42\final_test_report.json
conv1Dnetwork,,,,0.32022158861160277,0.6848866638520293,2.758428979537671,0.1357563455945171,0.018387193669777195,5443.0,1.8836399999998754,2026-05-24T20:57:41.550383Z,100.640734,800.0,400.0,400.0,1600.0,20.0,decomposers\ML_methods\NN_based\saved_models\conv1dnetwork_data_availability_tf010_s42\conv1Dnetwork_best.pt,decomposers\ML_methods\NN_based\saved_models\conv1dnetwork_data_availability_tf010_s42\final_test_report.json
conv1Dnetwork,,,,0.31714508414268494,0.683957196353669,2.948138814790213,0.12405697955480288,0.024039420488054842,5443.0,1.3884000000000007,2026-05-24T21:00:49.026385Z,184.630727,2000.0,400.0,400.0,2800.0,20.0,decomposers\ML_methods\NN_based\saved_models\conv1dnetwork_data_availability_tf025_s42\conv1Dnetwork_best.pt,decomposers\ML_methods\NN_based\saved_models\conv1dnetwork_data_availability_tf025_s42\final_test_report.json
conv1Dnetwork,,,,0.2957029616832733,0.6961952418164021,3.0361816006788387,0.12407058148969238,0.025640323782058404,5443.0,1.8749799999999262,2026-05-24T21:06:04.344915Z,312.356608,4000.0,400.0,400.0,4800.0,20.0,decomposers\ML_methods\NN_based\saved_models\conv1dnetwork_data_availability_tf050_s42\conv1Dnetwork_best.pt,decomposers\ML_methods\NN_based\saved_models\conv1dnetwork_data_availability_tf050_s42\final_test_report.json
conv1Dnetwork,,,,0.3112958788871765,0.6895060390624451,2.9376089940487833,0.1384785976740874,0.01766188408151994,5443.0,1.0397399999999557,2026-05-24T21:13:44.898032Z,457.228666,6000.0,400.0,400.0,6800.0,20.0,decomposers\ML_methods\NN_based\saved_models\conv1dnetwork_data_availability_tf075_s42\conv1Dnetwork_best.pt,decomposers\ML_methods\NN_based\saved_models\conv1dnetwork_data_availability_tf075_s42\final_test_report.json
conv1Dnetwork,,,,0.29393733978271486,0.6811504602046621,2.7865839088736277,0.15193891229015047,0.01609946566759078,5443.0,1.8496399999999191,2026-05-24T21:24:10.024389Z,621.753047,8000.0,400.0,400.0,8800.0,20.0,decomposers\ML_methods\NN_based\saved_models\conv1dnetwork_data_availability_tf100_s42\conv1Dnetwork_best.pt,decomposers\ML_methods\NN_based\saved_models\conv1dnetwork_data_availability_tf100_s42\final_test_report.json
fuse_shallow,Fuse Shallow,conv1d,shallow,0.09604017595450083,0.7730458162090525,4.398508162048053,0.11441979423536774,0.03372635301708203,5859.0,17.548099999999955,2026-04-20T04:36:29.173990Z,400.423291,4512.0,400.0,400.0,5312.0,20.0,decomposers\ML_methods\NN_based\saved_models\fuse_shallow\fuse_shallow_best.pt,decomposers\ML_methods\NN_based\saved_models\fuse_shallow\final_test_report.json
fuse_shallow,Fuse Shallow,conv1d,shallow,0.32329068541526795,0.6657460311531342,2.8258756504648286,0.13837369069880678,0.020504153598933837,5859.0,3.801720000000053,2026-05-24T18:25:43.220924Z,76.531677,400.0,400.0,400.0,1200.0,20.0,decomposers\ML_methods\NN_based\saved_models\fuse_shallow_data_availability_tf005_s42\fuse_shallow_best.pt,decomposers\ML_methods\NN_based\saved_models\fuse_shallow_data_availability_tf005_s42\final_test_report.json
fuse_shallow,Fuse Shallow,conv1d,shallow,0.3067064023017883,0.6956532524258996,3.220923901932289,0.11565514220971834,0.0277233495739434,5859.0,3.343020000000063,2026-05-24T18:27:28.783439Z,102.42205,800.0,400.0,400.0,1600.0,20.0,decomposers\ML_methods\NN_based\saved_models\fuse_shallow_data_availability_tf010_s42\fuse_shallow_best.pt,decomposers\ML_methods\NN_based\saved_models\fuse_shallow_data_availability_tf010_s42\final_test_report.json
fuse_shallow,Fuse Shallow,conv1d,shallow,0.27212674140930176,0.7448864117062561,3.9929735032346203,0.11408810937581643,0.02967977684329342,5859.0,3.2643800000001555,2026-05-24T18:30:37.806693Z,186.306587,2000.0,400.0,400.0,2800.0,20.0,decomposers\ML_methods\NN_based\saved_models\fuse_shallow_data_availability_tf025_s42\fuse_shallow_best.pt,decomposers\ML_methods\NN_based\saved_models\fuse_shallow_data_availability_tf025_s42\final_test_report.json
fuse_shallow,Fuse Shallow,conv1d,shallow,0.24427135050296783,0.7730807755070964,4.294729036048174,0.11822918819079405,0.029380035579137154,5859.0,3.4778599999999216,2026-05-24T18:35:40.664220Z,299.722866,4000.0,400.0,400.0,4800.0,20.0,decomposers\ML_methods\NN_based\saved_models\fuse_shallow_data_availability_tf050_s42\fuse_shallow_best.pt,decomposers\ML_methods\NN_based\saved_models\fuse_shallow_data_availability_tf050_s42\final_test_report.json
fuse_shallow,Fuse Shallow,conv1d,shallow,0.25173721194267273,0.7828923612728644,4.51805892757533,0.1109744774900317,0.03116138470785941,5859.0,3.6382199999999365,2026-05-24T18:43:01.634393Z,437.551995,6000.0,400.0,400.0,6800.0,20.0,decomposers\ML_methods\NN_based\saved_models\fuse_shallow_data_availability_tf075_s42\fuse_shallow_best.pt,decomposers\ML_methods\NN_based\saved_models\fuse_shallow_data_availability_tf075_s42\final_test_report.json
fuse_shallow,Fuse Shallow,conv1d,shallow,0.23782610535621643,0.7636496894382079,4.174924987546542,0.12926155984613694,0.025294713855297347,5859.0,3.1576600000000177,2026-05-24T18:52:29.492346Z,564.911788,8000.0,400.0,400.0,8800.0,20.0,decomposers\ML_methods\NN_based\saved_models\fuse_shallow_data_availability_tf100_s42\fuse_shallow_best.pt,decomposers\ML_methods\NN_based\saved_models\fuse_shallow_data_availability_tf100_s42\final_test_report.json
mlp_singlehead,SingleHead MLP,mlp,shallow,0.18856770356496175,0.5556245326207161,1.3829598739508744,0.13199625030080175,0.009323835051753904,643.0,0.9899000000004321,2026-04-20T04:39:46.885563Z,598.175372,4512.0,400.0,400.0,5312.0,20.0,decomposers\ML_methods\NN_based\saved_models\mlp_singlehead\mlp_singlehead_best.pt,decomposers\ML_methods\NN_based\saved_models\mlp_singlehead\final_test_report.json
mlp_singlehead,SingleHead MLP,mlp,shallow,0.4124495816230774,0.5524348770256818,1.3307684272074647,0.16471143989341905,0.005978867918134933,643.0,0.5426400000001053,2026-05-25T13:41:49.413984Z,62.012891,400.0,400.0,400.0,1200.0,20.0,decomposers\ML_methods\NN_based\saved_models\mlp_singlehead_data_availability_tf005_s42\mlp_singlehead_best.pt,decomposers\ML_methods\NN_based\saved_models\mlp_singlehead_data_availability_tf005_s42\final_test_report.json
mlp_singlehead,SingleHead MLP,mlp,shallow,0.4053985369205475,0.5563302583228422,1.315987354158595,0.1478506660503437,0.007623527201941638,643.0,0.7144199999999046,2026-05-25T13:43:23.371990Z,90.5334,800.0,400.0,400.0,1600.0,20.0,decomposers\ML_methods\NN_based\saved_models\mlp_singlehead_data_availability_tf010_s42\mlp_singlehead_best.pt,decomposers\ML_methods\NN_based\saved_models\mlp_singlehead_data_availability_tf010_s42\final_test_report.json
mlp_singlehead,SingleHead MLP,mlp,shallow,0.4149801516532898,0.5553549734260346,1.3656001177497086,0.1501497721912471,0.006546221424747445,643.0,0.35759999999993575,2026-05-25T13:45:58.752850Z,153.638428,2000.0,400.0,400.0,2800.0,20.0,decomposers\ML_methods\NN_based\saved_models\mlp_singlehead_data_availability_tf025_s42\mlp_singlehead_best.pt,decomposers\ML_methods\NN_based\saved_models\mlp_singlehead_data_availability_tf025_s42\final_test_report.json
mlp_singlehead,SingleHead MLP,mlp,shallow,0.4023681497573853,0.556551214089836,1.3578043904382735,0.15078621866236416,0.007543612983313881,643.0,0.6457800000000624,2026-05-25T13:51:43.643651Z,340.698907,4000.0,400.0,400.0,4800.0,20.0,decomposers\ML_methods\NN_based\saved_models\mlp_singlehead_data_availability_tf050_s42\mlp_singlehead_best.pt,decomposers\ML_methods\NN_based\saved_models\mlp_singlehead_data_availability_tf050_s42\final_test_report.json
mlp_singlehead,SingleHead MLP,mlp,shallow,0.41759247541427613,0.5562562503082887,1.3665392166715926,0.15227246361350616,0.0070734017447193764,643.0,0.7305000000000561,2026-05-25T13:59:40.886438Z,473.963643,6000.0,400.0,400.0,6800.0,20.0,decomposers\ML_methods\NN_based\saved_models\mlp_singlehead_data_availability_tf075_s42\mlp_singlehead_best.pt,decomposers\ML_methods\NN_based\saved_models\mlp_singlehead_data_availability_tf075_s42\final_test_report.json
multiple_head_multiscale_branches,Multiple-Head Multiscale Branches,conv1d,shallow,0.25438204884529114,0.7650447930175771,4.151476119602357,0.10647604126129029,0.03794910250107141,5859.0,31.191999999999886,2026-04-20T07:24:26.383586Z,334.07759,4000.0,400.0,400.0,4800.0,20.0,decomposers\ML_methods\NN_based\saved_models\multiple_head_multiscale_branches\multiple_head_multiscale_branches_best.pt,decomposers\ML_methods\NN_based\saved_models\multiple_head_multiscale_branches\final_test_report.json
multiple_head_multiscale_branches,Multiple-Head Multiscale Branches,conv1d,shallow,0.325062997341156,0.6688096896908163,2.733884852013117,0.13904160368759574,0.01908921187046332,5859.0,5.121059999999922,2026-05-24T18:54:07.294743Z,94.700302,400.0,400.0,400.0,1200.0,20.0,decomposers\ML_methods\NN_based\saved_models\multiple_head_multiscale_branches_data_availability_tf005_s42\multiple_head_multiscale_branches_best.pt,decomposers\ML_methods\NN_based\saved_models\multiple_head_multiscale_branches_data_availability_tf005_s42\final_test_report.json
multiple_head_multiscale_branches,Multiple-Head Multiscale Branches,conv1d,shallow,0.31367778658866885,0.6887925192825535,3.0572279335585506,0.1201792616374424,0.02415807751049642,5859.0,5.115839999999938,2026-05-24T18:56:24.571739Z,133.784901,800.0,400.0,400.0,1600.0,20.0,decomposers\ML_methods\NN_based\saved_models\multiple_head_multiscale_branches_data_availability_tf010_s42\multiple_head_multiscale_branches_best.pt,decomposers\ML_methods\NN_based\saved_models\multiple_head_multiscale_branches_data_availability_tf010_s42\final_test_report.json
multiple_head_multiscale_branches,Multiple-Head Multiscale Branches,conv1d,shallow,0.28635427474975583,0.7340893183430285,3.6521104067918255,0.11467521553293412,0.030573960537894705,5859.0,6.717400000000052,2026-05-24T19:00:31.613566Z,243.399143,2000.0,400.0,400.0,2800.0,20.0,decomposers\ML_methods\NN_based\saved_models\multiple_head_multiscale_branches_data_availability_tf025_s42\multiple_head_multiscale_branches_best.pt,decomposers\ML_methods\NN_based\saved_models\multiple_head_multiscale_branches_data_availability_tf025_s42\final_test_report.json
multiple_head_multiscale_branches,Multiple-Head Multiscale Branches,conv1d,shallow,0.2543820476531982,0.7650447930175771,4.151476119602357,0.10647604126129029,0.03794910250107141,5859.0,5.308580000000074,2026-05-24T19:08:45.251423Z,490.263265,4000.0,400.0,400.0,4800.0,20.0,decomposers\ML_methods\NN_based\saved_models\multiple_head_multiscale_branches_data_availability_tf050_s42\multiple_head_multiscale_branches_best.pt,decomposers\ML_methods\NN_based\saved_models\multiple_head_multiscale_branches_data_availability_tf050_s42\final_test_report.json
multiple_head_multiscale_branches,Multiple-Head Multiscale Branches,conv1d,shallow,0.26074561595916745,0.7540695525949578,4.197023641167642,0.12440497374428933,0.024353162175199415,5859.0,4.4393600000000255,2026-05-24T19:21:34.747644Z,765.825063,6000.0,400.0,400.0,6800.0,20.0,decomposers\ML_methods\NN_based\saved_models\multiple_head_multiscale_branches_data_availability_tf075_s42\multiple_head_multiscale_branches_best.pt,decomposers\ML_methods\NN_based\saved_models\multiple_head_multiscale_branches_data_availability_tf075_s42\final_test_report.json
multiple_head_multiscale_branches,Multiple-Head Multiscale Branches,conv1d,shallow,0.24070016622543336,0.7587463058694959,4.259531808514342,0.10807774104370947,0.03793415149401378,5859.0,4.473500000000108,2026-05-24T19:41:17.343771Z,1179.774093,8000.0,400.0,400.0,8800.0,20.0,decomposers\ML_methods\NN_based\saved_models\multiple_head_multiscale_branches_data_availability_tf100_s42\multiple_head_multiscale_branches_best.pt,decomposers\ML_methods\NN_based\saved_models\multiple_head_multiscale_branches_data_availability_tf100_s42\final_test_report.json
multiscale_branches,Multiscale Branches,conv1d,shallow,0.2485169994831085,0.7638261500377372,4.142691879951573,0.10557242634741396,0.0338613730512878,5859.0,15.151300000000312,2026-04-20T04:39:10.647747Z,561.925048,4512.0,400.0,400.0,5312.0,20.0,decomposers\ML_methods\NN_based\saved_models\multiscale_branches\multiscale_branches_best.pt,decomposers\ML_methods\NN_based\saved_models\multiscale_branches\final_test_report.json
multiscale_branches,Multiscale Branches,conv1d,shallow,0.32509243965148926,0.6665279411644732,2.7398410477532913,0.13683425636277147,0.019870568432783325,5859.0,4.2454400000001336,2026-05-24T19:42:52.188604Z,91.756563,400.0,400.0,400.0,1200.0,20.0,decomposers\ML_methods\NN_based\saved_models\multiscale_branches_data_availability_tf005_s42\multiscale_branches_best.pt,decomposers\ML_methods\NN_based\saved_models\multiscale_branches_data_availability_tf005_s42\final_test_report.json
multiscale_branches,Multiscale Branches,conv1d,shallow,0.31413731575012205,0.6871667430964439,3.0467007420533863,0.11985545245725966,0.024756802842615073,5859.0,3.5903999999998604,2026-05-24T19:44:59.783082Z,124.333742,800.0,400.0,400.0,1600.0,20.0,decomposers\ML_methods\NN_based\saved_models\multiscale_branches_data_availability_tf010_s42\multiscale_branches_best.pt,decomposers\ML_methods\NN_based\saved_models\multiscale_branches_data_availability_tf010_s42\final_test_report.json
multiscale_branches,Multiscale Branches,conv1d,shallow,0.2808328306674957,0.7517759723814811,3.8353423111387484,0.11582789762609125,0.02965695915892769,5859.0,3.0849599999998922,2026-05-24T19:48:10.701549Z,187.446532,2000.0,400.0,400.0,2800.0,20.0,decomposers\ML_methods\NN_based\saved_models\multiscale_branches_data_availability_tf025_s42\multiscale_branches_best.pt,decomposers\ML_methods\NN_based\saved_models\multiscale_branches_data_availability_tf025_s42\final_test_report.json
multiscale_branches,Multiscale Branches,conv1d,shallow,0.2542738407850266,0.7685594971155169,4.102684168956858,0.12092028871899935,0.0286263975861129,5859.0,2.202119999999974,2026-05-24T19:54:51.672307Z,398.392646,4000.0,400.0,400.0,4800.0,20.0,decomposers\ML_methods\NN_based\saved_models\multiscale_branches_data_availability_tf050_s42\multiscale_branches_best.pt,decomposers\ML_methods\NN_based\saved_models\multiscale_branches_data_availability_tf050_s42\final_test_report.json
multiscale_branches,Multiscale Branches,conv1d,shallow,0.2598441231250763,0.7600070324764835,4.271478703986942,0.11715155048519475,0.027433603743000433,5859.0,4.958219999999969,2026-05-24T20:05:01.128536Z,606.506641,6000.0,400.0,400.0,6800.0,20.0,decomposers\ML_methods\NN_based\saved_models\multiscale_branches_data_availability_tf075_s42\multiscale_branches_best.pt,decomposers\ML_methods\NN_based\saved_models\multiscale_branches_data_availability_tf075_s42\final_test_report.json
multiscale_branches,Multiscale Branches,conv1d,shallow,0.24092302918434144,0.7555616344133261,4.21538645085008,0.11131817857927853,0.03692685457294816,5859.0,3.423500000000068,2026-05-24T20:22:24.679489Z,1040.581746,8000.0,400.0,400.0,8800.0,20.0,decomposers\ML_methods\NN_based\saved_models\multiscale_branches_data_availability_tf100_s42\multiscale_branches_best.pt,decomposers\ML_methods\NN_based\saved_models\multiscale_branches_data_availability_tf100_s42\final_test_report.json
multiscale_dilated,Multiscale Dilated,conv1d,shallow,0.11804621477921803,0.682177385940307,2.8679927349144245,0.11753997423507087,0.028737821099494062,12867.0,70.69290000000007,2026-04-20T04:37:31.663088Z,462.930389,4512.0,400.0,400.0,5312.0,20.0,decomposers\ML_methods\NN_based\saved_models\multiscale_dilated\multiscale_dilated_best.pt,decomposers\ML_methods\NN_based\saved_models\multiscale_dilated\final_test_report.json
multiscale_dilated,Multiscale Dilated,conv1d,shallow,0.32753594040870665,0.6576842176448555,2.661870636844112,0.1396599730900782,0.019178414202509125,12867.0,4.579439999999923,2026-05-24T20:23:49.354579Z,82.000292,400.0,400.0,400.0,1200.0,20.0,decomposers\ML_methods\NN_based\saved_models\multiscale_dilated_data_availability_tf005_s42\multiscale_dilated_best.pt,decomposers\ML_methods\NN_based\saved_models\multiscale_dilated_data_availability_tf005_s42\final_test_report.json
multiscale_dilated,Multiscale Dilated,conv1d,shallow,0.3215288543701172,0.6612054064469842,2.7641747156818384,0.11761883903844925,0.025607664968249302,12867.0,3.7411399999999873,2026-05-24T20:25:39.897962Z,107.57948,800.0,400.0,400.0,1600.0,20.0,decomposers\ML_methods\NN_based\saved_models\multiscale_dilated_data_availability_tf010_s42\multiscale_dilated_best.pt,decomposers\ML_methods\NN_based\saved_models\multiscale_dilated_data_availability_tf010_s42\final_test_report.json
multiscale_dilated,Multiscale Dilated,conv1d,shallow,0.31612993955612184,0.6657065582912164,2.7911303160829664,0.11723228495889274,0.027891259281794145,12867.0,3.1815000000000815,2026-05-24T20:29:11.096205Z,208.400401,2000.0,400.0,400.0,2800.0,20.0,decomposers\ML_methods\NN_based\saved_models\multiscale_dilated_data_availability_tf025_s42\multiscale_dilated_best.pt,decomposers\ML_methods\NN_based\saved_models\multiscale_dilated_data_availability_tf025_s42\final_test_report.json
multiscale_dilated,Multiscale Dilated,conv1d,shallow,0.29222711086273195,0.6690471759484297,2.965792061334256,0.1213793609888928,0.02899512158270918,12867.0,3.784819999999911,2026-05-24T20:35:11.900477Z,357.379659,4000.0,400.0,400.0,4800.0,20.0,decomposers\ML_methods\NN_based\saved_models\multiscale_dilated_data_availability_tf050_s42\multiscale_dilated_best.pt,decomposers\ML_methods\NN_based\saved_models\multiscale_dilated_data_availability_tf050_s42\final_test_report.json
multiscale_dilated,Multiscale Dilated,conv1d,shallow,0.29947441816329956,0.6777483420893826,3.0335788014331144,0.11697597495082317,0.028254347372292026,12867.0,3.4148199999997964,2026-05-24T20:43:24.408599Z,489.468335,6000.0,400.0,400.0,6800.0,20.0,decomposers\ML_methods\NN_based\saved_models\multiscale_dilated_data_availability_tf075_s42\multiscale_dilated_best.pt,decomposers\ML_methods\NN_based\saved_models\multiscale_dilated_data_availability_tf075_s42\final_test_report.json
multiscale_dilated,Multiscale Dilated,conv1d,shallow,0.27570319890975953,0.6876405530330263,3.0674835270499057,0.11643891556067634,0.032216054294944875,12867.0,3.0596599999999974,2026-05-24T20:54:00.390021Z,632.812619,8000.0,400.0,400.0,8800.0,20.0,decomposers\ML_methods\NN_based\saved_models\multiscale_dilated_data_availability_tf100_s42\multiscale_dilated_best.pt,decomposers\ML_methods\NN_based\saved_models\multiscale_dilated_data_availability_tf100_s42\final_test_report.json
rnnbased,RNN (LSTM/GRU),rnn,deep,0.1374935390551885,0.6632319353980407,3.0563073767488222,0.10515733835966469,0.023834902203894462,530179.0,2762.9647999999997,,,,,,,,decomposers\ML_methods\NN_based\saved_models\rnnbased\rnnbased_best.pt,decomposers\ML_methods\NN_based\saved_models\rnnbased\final_test_report.json
sepformer,SepFormer,sepformer,deep,0.05724945306777954,0.841449532267773,5.951174931367793,0.036212903423254304,0.1933570035822826,601088.0,106.33939999999953,,3171.22,4512.0,400.0,400.0,5312.0,20.0,decomposers\ML_methods\NN_based\saved_models\sepformer\sepformer_best.pt,decomposers\ML_methods\NN_based\saved_models\sepformer\final_test_report.json
sepformer,SepFormer,sepformer,deep,0.3269845080375671,0.6458356065171705,2.641634626345061,0.13577352055240513,0.02277833708032322,601088.0,12.75501999999995,2026-05-25T08:12:17.990363Z,238.750869,400.0,400.0,400.0,1200.0,20.0,decomposers\ML_methods\NN_based\saved_models\sepformer_data_availability_tf005_s42\sepformer_best.pt,decomposers\ML_methods\NN_based\saved_models\sepformer_data_availability_tf005_s42\final_test_report.json
sepformer,SepFormer,sepformer,deep,0.32304290056228635,0.6559465596016142,2.781145419456438,0.11991482054576298,0.02553639312138734,601088.0,15.731740000000105,2026-05-25T08:18:57.526015Z,396.398976,800.0,400.0,400.0,1600.0,20.0,decomposers\ML_methods\NN_based\saved_models\sepformer_data_availability_tf010_s42\sepformer_best.pt,decomposers\ML_methods\NN_based\saved_models\sepformer_data_availability_tf010_s42\final_test_report.json
sepformer,SepFormer,sepformer,deep,0.24514665722846984,0.7676275131455768,4.448935468404997,0.10554963612230975,0.03560837823924778,601088.0,12.50725999999984,2026-05-25T08:36:12.792511Z,1031.709645,2000.0,400.0,400.0,2800.0,20.0,decomposers\ML_methods\NN_based\saved_models\sepformer_data_availability_tf025_s42\sepformer_best.pt,decomposers\ML_methods\NN_based\saved_models\sepformer_data_availability_tf025_s42\final_test_report.json
sepformer,SepFormer,sepformer,deep,0.1977774167060852,0.8203086096643486,5.487244279333515,0.09763249350953174,0.04236244965241676,601088.0,10.904479999999994,2026-05-25T09:09:42.423430Z,2007.1771,4000.0,400.0,400.0,4800.0,20.0,decomposers\ML_methods\NN_based\saved_models\sepformer_data_availability_tf050_s42\sepformer_best.pt,decomposers\ML_methods\NN_based\saved_models\sepformer_data_availability_tf050_s42\final_test_report.json
sepformer,SepFormer,sepformer,deep,0.20305562019348145,0.8198940534929625,5.62974001116567,0.11459436474898611,0.0329606831424667,601088.0,14.294679999999982,2026-05-25T09:59:34.296935Z,2989.189361,6000.0,400.0,400.0,6800.0,20.0,decomposers\ML_methods\NN_based\saved_models\sepformer_data_availability_tf075_s42\sepformer_best.pt,decomposers\ML_methods\NN_based\saved_models\sepformer_data_availability_tf075_s42\final_test_report.json
sepformer,SepFormer,sepformer,deep,0.1839870524406433,0.8305565449570773,5.719980325070204,0.10924063967585301,0.039454724088719334,601088.0,13.138920000000008,2026-05-25T11:05:36.919469Z,3959.092119,8000.0,400.0,400.0,8800.0,20.0,decomposers\ML_methods\NN_based\saved_models\sepformer_data_availability_tf100_s42\sepformer_best.pt,decomposers\ML_methods\NN_based\saved_models\sepformer_data_availability_tf100_s42\final_test_report.json
tasnet,TasNet,tasnet,deep,0.02802625800172488,0.9345496932204675,9.322229397256804,0.03508929112691644,0.189399269605921,2503296.0,209.92230000000058,,4103.91,4512.0,400.0,400.0,5312.0,20.0,decomposers\ML_methods\NN_based\saved_models\tasnet\tasnet_best.pt,decomposers\ML_methods\NN_based\saved_models\tasnet\final_test_report.json
tasnet,TasNet,tasnet,deep,0.2829969620704651,0.7283832995869368,3.5058580821334213,0.12888936805777007,0.028860737032017355,2503296.0,67.58404000000003,2026-05-24T21:54:48.477190Z,594.789172,400.0,400.0,400.0,1200.0,20.0,decomposers\ML_methods\NN_based\saved_models\tasnet_data_availability_tf005_s42\tasnet_best.pt,decomposers\ML_methods\NN_based\saved_models\tasnet_data_availability_tf005_s42\final_test_report.json
tasnet,TasNet,tasnet,deep,0.22360240817070007,0.8075201050305948,5.164861149745431,0.11175506561665066,0.033098952891642844,2503296.0,70.56521999999994,2026-05-24T22:14:36.731082Z,1184.359098,800.0,400.0,400.0,1600.0,20.0,decomposers\ML_methods\NN_based\saved_models\tasnet_data_availability_tf010_s42\tasnet_best.pt,decomposers\ML_methods\NN_based\saved_models\tasnet_data_availability_tf010_s42\final_test_report.json
tasnet,TasNet,tasnet,deep,0.18830593943595886,0.8702248242361835,6.65571652504328,0.10332511168754613,0.03550023188950618,2503296.0,64.11750000000005,2026-05-24T23:00:38.637370Z,2758.391659,2000.0,400.0,400.0,2800.0,20.0,decomposers\ML_methods\NN_based\saved_models\tasnet_data_availability_tf025_s42\tasnet_best.pt,decomposers\ML_methods\NN_based\saved_models\tasnet_data_availability_tf025_s42\final_test_report.json
tasnet,TasNet,tasnet,deep,0.14947033643722535,0.9151321654225762,8.16621640033858,0.09432355646261467,0.04501590312417439,2503296.0,65.65286000000015,2026-05-25T00:26:52.410404Z,5170.150694,4000.0,400.0,400.0,4800.0,20.0,decomposers\ML_methods\NN_based\saved_models\tasnet_data_availability_tf050_s42\tasnet_best.pt,decomposers\ML_methods\NN_based\saved_models\tasnet_data_availability_tf050_s42\final_test_report.json
tasnet,TasNet,tasnet,deep,0.1510607546567917,0.9176189809607689,8.491382118262306,0.09610581435764398,0.040046538057454936,2503296.0,62.18287999999994,2026-05-25T02:30:30.568682Z,7414.275981,6000.0,400.0,400.0,6800.0,20.0,decomposers\ML_methods\NN_based\saved_models\tasnet_data_availability_tf075_s42\tasnet_best.pt,decomposers\ML_methods\NN_based\saved_models\tasnet_data_availability_tf075_s42\final_test_report.json
tasnet,TasNet,tasnet,deep,0.13216790318489074,0.9347157604469225,8.978874880924309,0.10017314995825391,0.040292141209976436,2503296.0,60.89694000000012,2026-05-25T05:18:26.678580Z,10072.054724,8000.0,400.0,400.0,8800.0,20.0,decomposers\ML_methods\NN_based\saved_models\tasnet_data_availability_tf100_s42\tasnet_best.pt,decomposers\ML_methods\NN_based\saved_models\tasnet_data_availability_tf100_s42\final_test_report.json
three_parallel_shallow_branches,Three Parallel Shallow Branches,conv1d,shallow,0.5263050643603007,0.12407648003116868,-3.8205103638706106,1.3489058645566305,0.7550410290559133,1251.0,2.3052999999997326,,,,,,,,decomposers/ML_methods/NN_based/saved_models/three_parallel_shallow_branches/three_parallel_shallow_branches_best.pt,decomposers\ML_methods\NN_based\saved_models\three_parallel_shallow_branches\final_test_report.json
unet1d,UNet1D,unet,deep,0.05228243485093117,0.8778733767275306,6.835553567502021,0.11301488994408904,0.03776589025283809,2710819.0,65.46199999999835,2026-04-20T04:48:12.542420Z,1103.905236,4512.0,400.0,400.0,5312.0,20.0,decomposers\ML_methods\NN_based\saved_models\unet1d\unet1d_best.pt,decomposers\ML_methods\NN_based\saved_models\unet1d\final_test_report.json
unet1d,UNet1D,unet,deep,0.26086281061172484,0.7278440664532222,4.224183800442263,0.11399455393633204,0.0379155204813899,2710819.0,18.177640000000036,2026-05-25T05:21:51.643037Z,201.279979,400.0,400.0,400.0,1200.0,20.0,decomposers\ML_methods\NN_based\saved_models\unet1d_data_availability_tf005_s42\unet1d_best.pt,decomposers\ML_methods\NN_based\saved_models\unet1d_data_availability_tf005_s42\final_test_report.json
unet1d,UNet1D,unet,deep,0.23676492929458617,0.7828953477203224,4.938090082953311,0.10655406541484531,0.034811130704847655,2710819.0,21.12927999999989,2026-05-25T05:27:06.979807Z,311.942761,800.0,400.0,400.0,1600.0,20.0,decomposers\ML_methods\NN_based\saved_models\unet1d_data_availability_tf010_s42\unet1d_best.pt,decomposers\ML_methods\NN_based\saved_models\unet1d_data_availability_tf010_s42\final_test_report.json
unet1d,UNet1D,unet,deep,0.2095617127418518,0.8428469345575076,6.139492541276734,0.10054206880333359,0.03617631127143821,2710819.0,18.38292000000008,2026-05-25T05:38:17.509815Z,667.219221,2000.0,400.0,400.0,2800.0,20.0,decomposers\ML_methods\NN_based\saved_models\unet1d_data_availability_tf025_s42\unet1d_best.pt,decomposers\ML_methods\NN_based\saved_models\unet1d_data_availability_tf025_s42\final_test_report.json
unet1d,UNet1D,unet,deep,0.17511518716812133,0.8786929483360199,6.875950211033271,0.10421468804385584,0.03888151271900042,2710819.0,23.58507999999988,2026-05-25T06:11:00.310097Z,1960.028697,4000.0,400.0,400.0,4800.0,20.0,decomposers\ML_methods\NN_based\saved_models\unet1d_data_availability_tf050_s42\unet1d_best.pt,decomposers\ML_methods\NN_based\saved_models\unet1d_data_availability_tf050_s42\final_test_report.json
unet1d,UNet1D,unet,deep,0.175801500082016,0.8800427993324463,7.166305068232628,0.10144337517790966,0.03920547884956309,2710819.0,20.078459999999957,2026-05-25T07:00:47.922297Z,2983.988591,6000.0,400.0,400.0,6800.0,20.0,decomposers\ML_methods\NN_based\saved_models\unet1d_data_availability_tf075_s42\unet1d_best.pt,decomposers\ML_methods\NN_based\saved_models\unet1d_data_availability_tf075_s42\final_test_report.json
unet1d,UNet1D,unet,deep,0.15877111196517946,0.8941169274742142,7.398852053601261,0.1108602223128015,0.03789509355037939,2710819.0,21.702780000000036,2026-05-25T08:08:16.620684Z,4045.382972,8000.0,400.0,400.0,8800.0,20.0,decomposers\ML_methods\NN_based\saved_models\unet1d_data_availability_tf100_s42\unet1d_best.pt,decomposers\ML_methods\NN_based\saved_models\unet1d_data_availability_tf100_s42\final_test_report.json
unet1d_pure_harmonic_amfm_chirp_trend_transient,,,,0.03774098493158817,0.8721274239793777,7.174882978804903,0.03580880648837412,0.3404415170213548,,,,,,,,,,decomposers\ML_methods\NN_based\saved_models\unet1d_pure_harmonic_amfm_chirp_trend_transient\unet1d_best.pt,decomposers\ML_methods\NN_based\saved_models\unet1d_pure_harmonic_amfm_chirp_trend_transient\final_test_report.json
conv1dnetwork,Shallow Conv1D,conv1d,shallow,,,,,,5443.0,14.532199999999662,,,,,,,,decomposers/ML_methods/NN_based/saved_models/conv1Dnetwork/conv1Dnetwork_best.pt,
